{
    "Name": "Request-A",
    "Part": "Bracket",
    "Quantity": 1,
    "EarliestStartDate": "2022-02-05T08:00:00",
    "DueDate": "2023-02-5T08:00:00",
    "SupplierNames": [
        "Supplier-A",
        "Supplier-B"
    ],
    "ProcessPlans": [
        {
            "Name": "SLM-Additive-1",
            "Part": "Bracket",
            "Link": "Studies/Engine_Mounting_Bracket_MVP\\config_1",
            "Material": "Al6061powder",
            "ManufacturingMethod": "SLM-Additive",
            "BulkGrams": 39173.44921875,
            "NetGrams": 38965.67578125,
            "ScrapGrams": 207.77569580078125,
            "Width": 1000.0,
            "Height": 400.0,
            "Depth": 1000.0,
            "Compliance": 103.51203155517578,
            "Volume": 14431732.177734379,
            "Task_Sequence": [
                {
                    "Name": "Additive-machine-setup",
                    "RequiredCapability": "SLM-Metal-Printing",
                    "NominalDuration": 1800.0,
                    "NominalCost": 60.0
                },
                {
                    "Name": "SLM-printing",
                    "RequiredCapability": "SLM-Metal-Printing",
                    "NominalDuration": 2350407.0,
                    "NominalCost": 78346.8984375
                },
                {
                    "Name": "Support-removal",
                    "RequiredCapability": "Buffing",
                    "NominalDuration": 1200.0,
                    "NominalCost": 20.0
                },
                {
                    "Name": "Inspection",
                    "RequiredCapability": "Buffing",
                    "NominalDuration": 1200.0,
                    "NominalCost": 20.0
                }
            ]
        }
    ]
}