{
    "Name": "Request-A",
    "Part": "Bracket",
    "Quantity": 1,
    "EarliestStartDate": "2022-02-05T08:00:00",
    "DueDate": "2023-02-5T08:00:00",
    "SupplierNames": [
        "Supplier-A",
        "Supplier-B"
    ],
    "ProcessPlans": [
        {
            "Name": "2-Axis-Subtractive-1",
            "Part": "Bracket",
            "Link": "Studies/Engine_Mounting_Bracket_MVP\\Past/Iter0/config_6",
            "Material": "Ti6Al4V",
            "ManufacturingMethod": "2-Axis-Subtractive",
            "BulkGrams": 1772000.0000000005,
            "NetGrams": 354400.0337982179,
            "ScrapGrams": 1417599.9662017825,
            "Width": 1000.0,
            "Height": 400.0,
            "Depth": 1000.0,
            "Compliance": 43.58423614501953,
            "Volume": 80000007.62939455,
            "Task_Sequence": [
                {
                    "Name": "EDM-machine-setup",
                    "RequiredCapability": "EDM-Machining",
                    "NominalDuration": 1800.0,
                    "NominalCost": 60.0
                },
                {
                    "Name": "2Axis-machining-1",
                    "RequiredCapability": "EDM-Machining",
                    "NominalDuration": 1785603.847976293,
                    "NominalCost": 119040.25653175286
                },
                {
                    "Name": "Polishing",
                    "RequiredCapability": "Buffing",
                    "NominalDuration": 300.0,
                    "NominalCost": 10.0
                },
                {
                    "Name": "Inspection",
                    "RequiredCapability": "Buffing",
                    "NominalDuration": 1200.0,
                    "NominalCost": 20.0
                }
            ]
        }
    ]
}