{
    "Name": "Request-A",
    "Part": "Bracket",
    "Quantity": 1,
    "EarliestStartDate": "2022-02-05T08:00:00",
    "DueDate": "2023-02-5T08:00:00",
    "SupplierNames": [
        "Supplier-A",
        "Supplier-B"
    ],
    "ProcessPlans": [
        {
            "Name": "SLM-Additive-1",
            "Part": "Bracket",
            "Link": "Studies/Engine_Mounting_Bracket_MVP\\config_8",
            "Material": "ABSplastic_powder",
            "ManufacturingMethod": "SLM-Additive",
            "BulkGrams": 37197.421875,
            "NetGrams": 34861.66796875,
            "ScrapGrams": 2335.75390625,
            "Width": 1000.0,
            "Height": 400.0,
            "Depth": 1000.0,
            "Compliance": 1091.398193359375,
            "Volume": 32888366.699218754,
            "Task_Sequence": [
                {
                    "Name": "Additive-machine-setup",
                    "RequiredCapability": "SLM-Metal-Printing",
                    "NominalDuration": 1800.0,
                    "NominalCost": 60.0
                },
                {
                    "Name": "SLM-printing",
                    "RequiredCapability": "SLM-Metal-Printing",
                    "NominalDuration": 2231845.25,
                    "NominalCost": 74394.84375
                },
                {
                    "Name": "Support-removal",
                    "RequiredCapability": "Buffing",
                    "NominalDuration": 1200.0,
                    "NominalCost": 20.0
                },
                {
                    "Name": "Inspection",
                    "RequiredCapability": "Buffing",
                    "NominalDuration": 1200.0,
                    "NominalCost": 20.0
                }
            ]
        }
    ]
}