{
    "Name": "Request-A",
    "Part": "Bracket",
    "Quantity": 1,
    "EarliestStartDate": "2022-02-05T08:00:00",
    "DueDate": "2023-02-5T08:00:00",
    "SupplierNames": [
        "Supplier-A",
        "Supplier-B"
    ],
    "ProcessPlans": [
        {
            "Name": "2-Axis-Subtractive-1",
            "Part": "Bracket",
            "Link": "Studies/Engine_Mounting_Bracket_MVP\\config_9",
            "Material": "ABSplastic",
            "ManufacturingMethod": "2-Axis-Subtractive",
            "BulkGrams": 424000.00000000006,
            "NetGrams": 254400.01617431644,
            "ScrapGrams": 169599.98382568362,
            "Width": 1000.0,
            "Height": 400.0,
            "Depth": 1000.0,
            "Compliance": 239.04783630371094,
            "Volume": 240000015.25878912,
            "Task_Sequence": [
                {
                    "Name": "EDM-machine-setup",
                    "RequiredCapability": "EDM-Machining",
                    "NominalDuration": 1800.0,
                    "NominalCost": 60.0
                },
                {
                    "Name": "2Axis-machining-1",
                    "RequiredCapability": "EDM-Machining",
                    "NominalDuration": 892801.9239881465,
                    "NominalCost": 59520.12826587643
                },
                {
                    "Name": "Polishing",
                    "RequiredCapability": "Buffing",
                    "NominalDuration": 300.0,
                    "NominalCost": 10.0
                },
                {
                    "Name": "Inspection",
                    "RequiredCapability": "Buffing",
                    "NominalDuration": 1200.0,
                    "NominalCost": 20.0
                }
            ]
        }
    ]
}