{
    "Name": "Request-A",
    "Part": "Bracket",
    "Quantity": 1,
    "EarliestStartDate": "2022-02-05T08:00:00",
    "DueDate": "2023-02-5T08:00:00",
    "SupplierNames": [
        "Supplier-A",
        "Supplier-B"
    ],
    "ProcessPlans": [
        {
            "Name": "3-Axis-Subtractive-1",
            "Part": "Bracket",
            "Link": "Studies/Engine_Mounting_Bracket_MVP\\Past/Iter0/config_2",
            "Material": "Al6061",
            "ManufacturingMethod": "3-Axis-Subtractive",
            "BulkGrams": 1080000.0000000002,
            "NetGrams": 507693.3563232423,
            "ScrapGrams": 572306.6436767579,
            "Width": 1000.0,
            "Height": 400.0,
            "Depth": 1000.0,
            "Compliance": 4.10023307800293,
            "Volume": 188034576.41601568,
            "Task_Sequence": [
                {
                    "Name": "3-Axis-machine-setup",
                    "RequiredCapability": "3-Axis-Machining",
                    "NominalDuration": 1800.0,
                    "NominalCost": 60.0
                },
                {
                    "Name": "3-Axis-fixture-1",
                    "RequiredCapability": "3-Axis-Machining",
                    "NominalDuration": 600.0,
                    "NominalCost": 30.0
                },
                {
                    "Name": "3-Axis-machining-1",
                    "RequiredCapability": "3-Axis-Machining",
                    "NominalDuration": 1827741.5,
                    "NominalCost": 91387.078125
                },
                {
                    "Name": "3-Axis-fixture-2",
                    "RequiredCapability": "3-Axis-Machining",
                    "NominalDuration": 600.0,
                    "NominalCost": 30.0
                },
                {
                    "Name": "3-Axis-machining-2",
                    "RequiredCapability": "3-Axis-Machining",
                    "NominalDuration": 98609.8671875,
                    "NominalCost": 4930.4931640625
                },
                {
                    "Name": "3-Axis-fixture-3",
                    "RequiredCapability": "3-Axis-Machining",
                    "NominalDuration": 600.0,
                    "NominalCost": 30.0
                },
                {
                    "Name": "3-Axis-machining-3",
                    "RequiredCapability": "3-Axis-Machining",
                    "NominalDuration": 37085.87890625,
                    "NominalCost": 1854.2939453125
                },
                {
                    "Name": "3-Axis-fixture-4",
                    "RequiredCapability": "3-Axis-Machining",
                    "NominalDuration": 600.0,
                    "NominalCost": 30.0
                },
                {
                    "Name": "3-Axis-machining-4",
                    "RequiredCapability": "3-Axis-Machining",
                    "NominalDuration": 14918.185546875,
                    "NominalCost": 745.9093017578125
                },
                {
                    "Name": "3-Axis-fixture-5",
                    "RequiredCapability": "3-Axis-Machining",
                    "NominalDuration": 600.0,
                    "NominalCost": 30.0
                },
                {
                    "Name": "3-Axis-machining-5",
                    "RequiredCapability": "3-Axis-Machining",
                    "NominalDuration": 3817.97802734375,
                    "NominalCost": 190.89891052246094
                },
                {
                    "Name": "3-Axis-fixture-6",
                    "RequiredCapability": "3-Axis-Machining",
                    "NominalDuration": 600.0,
                    "NominalCost": 30.0
                },
                {
                    "Name": "3-Axis-machining-6",
                    "RequiredCapability": "3-Axis-Machining",
                    "NominalDuration": 1696.2080078125,
                    "NominalCost": 84.8104019165039
                },
                {
                    "Name": "Polishing",
                    "RequiredCapability": "Buffing",
                    "NominalDuration": 300.0,
                    "NominalCost": 10.0
                },
                {
                    "Name": "Inspection",
                    "RequiredCapability": "Buffing",
                    "NominalDuration": 1200.0,
                    "NominalCost": 20.0
                }
            ]
        }
    ]
}