{
    "Name": "Request-A",
    "Part": "Bracket",
    "Quantity": 1,
    "EarliestStartDate": "2022-02-05T08:00:00",
    "DueDate": "2023-02-5T08:00:00",
    "SupplierNames": [
        "Supplier-A",
        "Supplier-B"
    ],
    "ProcessPlans": [
        {
            "Name": "3-Axis-Subtractive-1",
            "Part": "Bracket",
            "Link": "Studies/Engine_Mounting_Bracket_MVP\\Past/Iter0/config_7",
            "Material": "ABSplastic",
            "ManufacturingMethod": "3-Axis-Subtractive",
            "BulkGrams": 424000.00000000006,
            "NetGrams": 423999.9029541017,
            "ScrapGrams": 0.09704589843750003,
            "Width": 1000.0,
            "Height": 400.0,
            "Depth": 1000.0,
            "Compliance": 86.09075927734375,
            "Volume": 399999908.44726574,
            "Task_Sequence": [
                {
                    "Name": "3-Axis-machine-setup",
                    "RequiredCapability": "3-Axis-Machining",
                    "NominalDuration": 1800.0,
                    "NominalCost": 60.0
                },
                {
                    "Name": "3-Axis-fixture-1",
                    "RequiredCapability": "3-Axis-Machining",
                    "NominalDuration": 600.0,
                    "NominalCost": 30.0
                },
                {
                    "Name": "3-Axis-machining-1",
                    "RequiredCapability": "3-Axis-Machining",
                    "NominalDuration": 0.0014139252016320825,
                    "NominalCost": 7.069626008160412e-05
                },
                {
                    "Name": "3-Axis-fixture-2",
                    "RequiredCapability": "3-Axis-Machining",
                    "NominalDuration": 600.0,
                    "NominalCost": 30.0
                },
                {
                    "Name": "3-Axis-machining-2",
                    "RequiredCapability": "3-Axis-Machining",
                    "NominalDuration": 1.1965622901916504,
                    "NominalCost": 0.05982811376452446
                },
                {
                    "Name": "3-Axis-fixture-3",
                    "RequiredCapability": "3-Axis-Machining",
                    "NominalDuration": 600.0,
                    "NominalCost": 30.0
                },
                {
                    "Name": "3-Axis-machining-3",
                    "RequiredCapability": "3-Axis-Machining",
                    "NominalDuration": 1.0668826462278957e-06,
                    "NominalCost": 5.3344134443022995e-08
                },
                {
                    "Name": "3-Axis-fixture-4",
                    "RequiredCapability": "3-Axis-Machining",
                    "NominalDuration": 600.0,
                    "NominalCost": 30.0
                },
                {
                    "Name": "3-Axis-machining-4",
                    "RequiredCapability": "3-Axis-Machining",
                    "NominalDuration": 1.3775597416249008e-12,
                    "NominalCost": 6.887798843649776e-14
                },
                {
                    "Name": "3-Axis-fixture-5",
                    "RequiredCapability": "3-Axis-Machining",
                    "NominalDuration": 600.0,
                    "NominalCost": 30.0
                },
                {
                    "Name": "3-Axis-machining-5",
                    "RequiredCapability": "3-Axis-Machining",
                    "NominalDuration": 2.096132334081332e-18,
                    "NominalCost": 1.0480662058147572e-19
                },
                {
                    "Name": "3-Axis-fixture-6",
                    "RequiredCapability": "3-Axis-Machining",
                    "NominalDuration": 600.0,
                    "NominalCost": 30.0
                },
                {
                    "Name": "3-Axis-machining-6",
                    "RequiredCapability": "3-Axis-Machining",
                    "NominalDuration": 3.5041666837851425e-24,
                    "NominalCost": 1.752083243284958e-25
                },
                {
                    "Name": "Polishing",
                    "RequiredCapability": "Buffing",
                    "NominalDuration": 300.0,
                    "NominalCost": 10.0
                },
                {
                    "Name": "Inspection",
                    "RequiredCapability": "Buffing",
                    "NominalDuration": 1200.0,
                    "NominalCost": 20.0
                }
            ]
        }
    ]
}