{
    "Name": "Request-A",
    "Part": "Bracket",
    "Quantity": 1,
    "EarliestStartDate": "2022-02-05T08:00:00",
    "DueDate": "2023-02-5T08:00:00",
    "SupplierNames": [
        "Supplier-A",
        "Supplier-B"
    ],
    "ProcessPlans": [
        {
            "Name": "SLM-Additive-1",
            "Part": "Bracket",
            "Link": "Studies/Engine_Mounting_Bracket_MVP\\config_8",
            "Material": "ABSplastic_powder",
            "ManufacturingMethod": "SLM-Additive",
            "BulkGrams": 218360.0,
            "NetGrams": 212000.0,
            "ScrapGrams": 6360.00048828125,
            "Width": 1000.0,
            "Height": 400.0,
            "Depth": 1000.0,
            "Compliance": 344.4382629394531,
            "Volume": 200000000.00000003,
            "Task_Sequence": [
                {
                    "Name": "Additive-machine-setup",
                    "RequiredCapability": "SLM-Metal-Printing",
                    "NominalDuration": 1800.0,
                    "NominalCost": 60.0
                },
                {
                    "Name": "SLM-printing",
                    "RequiredCapability": "SLM-Metal-Printing",
                    "NominalDuration": 13101599.0,
                    "NominalCost": 436719.96875
                },
                {
                    "Name": "Support-removal",
                    "RequiredCapability": "Buffing",
                    "NominalDuration": 1200.0,
                    "NominalCost": 20.0
                },
                {
                    "Name": "Inspection",
                    "RequiredCapability": "Buffing",
                    "NominalDuration": 1200.0,
                    "NominalCost": 20.0
                }
            ]
        }
    ]
}