{
    "Name": "Request-A",
    "Part": "Bracket",
    "Quantity": 1,
    "EarliestStartDate": "2022-02-05T08:00:00",
    "DueDate": "2023-02-5T08:00:00",
    "SupplierNames": [
        "Supplier-A",
        "Supplier-B"
    ],
    "ProcessPlans": [
        {
            "Name": "SLM-Additive-1",
            "Part": "Bracket",
            "Link": "Studies/Engine_Mounting_Bracket_MVP\\config_8",
            "Material": "ABSplastic_powder",
            "ManufacturingMethod": "SLM-Additive",
            "BulkGrams": 2183.599853515625,
            "NetGrams": 2120.0,
            "ScrapGrams": 63.60000991821289,
            "Width": 1000.0,
            "Height": 400.0,
            "Depth": 1000.0,
            "Compliance": 3444830.75,
            "Volume": 2000000.0000000005,
            "Task_Sequence": [
                {
                    "Name": "Additive-machine-setup",
                    "RequiredCapability": "SLM-Metal-Printing",
                    "NominalDuration": 1800.0,
                    "NominalCost": 60.0
                },
                {
                    "Name": "SLM-printing",
                    "RequiredCapability": "SLM-Metal-Printing",
                    "NominalDuration": 131015.9921875,
                    "NominalCost": 4367.19970703125
                },
                {
                    "Name": "Support-removal",
                    "RequiredCapability": "Buffing",
                    "NominalDuration": 1200.0,
                    "NominalCost": 20.0
                },
                {
                    "Name": "Inspection",
                    "RequiredCapability": "Buffing",
                    "NominalDuration": 1200.0,
                    "NominalCost": 20.0
                }
            ]
        }
    ]
}