{
    "Name": "Request-A",
    "Part": "Bracket",
    "Quantity": 1,
    "EarliestStartDate": "2022-02-05T08:00:00",
    "DueDate": "2023-02-5T08:00:00",
    "SupplierNames": [
        "Supplier-A",
        "Supplier-B"
    ],
    "ProcessPlans": [
        {
            "Name": "2-Axis-Subtractive-1",
            "Part": "Bracket",
            "Link": "Studies/Engine_Mounting_Bracket_MVP\\config_6",
            "Material": "Ti6Al4V",
            "ManufacturingMethod": "2-Axis-Subtractive",
            "BulkGrams": 1772000.0000000005,
            "NetGrams": 1772000.0000000005,
            "ScrapGrams": 0.0,
            "Width": 1000.0,
            "Height": 400.0,
            "Depth": 1000.0,
            "Compliance": 1.7435832023620605,
            "Volume": 400000000.00000006,
            "Task_Sequence": [
                {
                    "Name": "EDM-machine-setup",
                    "RequiredCapability": "EDM-Machining",
                    "NominalDuration": 1800.0,
                    "NominalCost": 60.0
                },
                {
                    "Name": "2Axis-machining-1",
                    "RequiredCapability": "EDM-Machining",
                    "NominalDuration": 0.0,
                    "NominalCost": 0.0
                },
                {
                    "Name": "Polishing",
                    "RequiredCapability": "Buffing",
                    "NominalDuration": 300.0,
                    "NominalCost": 10.0
                },
                {
                    "Name": "Inspection",
                    "RequiredCapability": "Buffing",
                    "NominalDuration": 1200.0,
                    "NominalCost": 20.0
                }
            ]
        }
    ]
}