{
    "Name": "Request-A",
    "Part": "Bracket",
    "Quantity": 1,
    "EarliestStartDate": "2022-02-05T08:00:00",
    "DueDate": "2023-02-5T08:00:00",
    "SupplierNames": [
        "Supplier-A",
        "Supplier-B"
    ],
    "ProcessPlans": [
        {
            "Name": "3-Axis-Subtractive-1",
            "Part": "Bracket",
            "Link": "Studies/Engine_Mounting_Bracket_MVP\\config_5",
            "Material": "Ti6Al4V",
            "ManufacturingMethod": "3-Axis-Subtractive",
            "BulkGrams": 1772000.0000000005,
            "NetGrams": 88600.00844955447,
            "ScrapGrams": 1683399.991550446,
            "Width": 1000.0,
            "Height": 400.0,
            "Depth": 1000.0,
            "Compliance": 697.34814453125,
            "Volume": 20000001.907348637,
            "Task_Sequence": [
                {
                    "Name": "3-Axis-machine-setup",
                    "RequiredCapability": "3-Axis-Machining",
                    "NominalDuration": 1800.0,
                    "NominalCost": 60.0
                },
                {
                    "Name": "3-Axis-fixture-1",
                    "RequiredCapability": "3-Axis-Machining",
                    "NominalDuration": 600.0,
                    "NominalCost": 30.0
                },
                {
                    "Name": "3-Axis-machining-1",
                    "RequiredCapability": "3-Axis-Machining",
                    "NominalDuration": 5819296.5,
                    "NominalCost": 290964.8125
                },
                {
                    "Name": "3-Axis-fixture-2",
                    "RequiredCapability": "3-Axis-Machining",
                    "NominalDuration": 600.0,
                    "NominalCost": 30.0
                },
                {
                    "Name": "3-Axis-machining-2",
                    "RequiredCapability": "3-Axis-Machining",
                    "NominalDuration": 5819296.5,
                    "NominalCost": 290964.8125
                },
                {
                    "Name": "3-Axis-fixture-3",
                    "RequiredCapability": "3-Axis-Machining",
                    "NominalDuration": 600.0,
                    "NominalCost": 30.0
                },
                {
                    "Name": "3-Axis-machining-3",
                    "RequiredCapability": "3-Axis-Machining",
                    "NominalDuration": 5819296.5,
                    "NominalCost": 290964.8125
                },
                {
                    "Name": "3-Axis-fixture-4",
                    "RequiredCapability": "3-Axis-Machining",
                    "NominalDuration": 600.0,
                    "NominalCost": 30.0
                },
                {
                    "Name": "3-Axis-machining-4",
                    "RequiredCapability": "3-Axis-Machining",
                    "NominalDuration": 5819296.5,
                    "NominalCost": 290964.8125
                },
                {
                    "Name": "3-Axis-fixture-5",
                    "RequiredCapability": "3-Axis-Machining",
                    "NominalDuration": 600.0,
                    "NominalCost": 30.0
                },
                {
                    "Name": "3-Axis-machining-5",
                    "RequiredCapability": "3-Axis-Machining",
                    "NominalDuration": 5819296.5,
                    "NominalCost": 290964.8125
                },
                {
                    "Name": "3-Axis-fixture-6",
                    "RequiredCapability": "3-Axis-Machining",
                    "NominalDuration": 600.0,
                    "NominalCost": 30.0
                },
                {
                    "Name": "3-Axis-machining-6",
                    "RequiredCapability": "3-Axis-Machining",
                    "NominalDuration": 5819296.5,
                    "NominalCost": 290964.8125
                },
                {
                    "Name": "Polishing",
                    "RequiredCapability": "Buffing",
                    "NominalDuration": 300.0,
                    "NominalCost": 10.0
                },
                {
                    "Name": "Inspection",
                    "RequiredCapability": "Buffing",
                    "NominalDuration": 1200.0,
                    "NominalCost": 20.0
                }
            ]
        }
    ]
}