{
    "Name": "Request-A",
    "Part": "Bracket",
    "Quantity": 1,
    "EarliestStartDate": "2022-02-05T08:00:00",
    "DueDate": "2023-02-5T08:00:00",
    "SupplierNames": [
        "Supplier-A",
        "Supplier-B"
    ],
    "ProcessPlans": [
        {
            "Name": "SLM-Additive-1",
            "Part": "Bracket",
            "Link": "Studies/Engine_Mounting_Bracket_MVP\\config_4",
            "Material": "Ti6Al4Vpowder",
            "ManufacturingMethod": "SLM-Additive",
            "BulkGrams": 1460128.0,
            "NetGrams": 1417600.125,
            "ScrapGrams": 42528.00390625,
            "Width": 1000.0,
            "Height": 400.0,
            "Depth": 1000.0,
            "Compliance": 2.724025011062622,
            "Volume": 320000030.5175782,
            "Task_Sequence": [
                {
                    "Name": "Additive-machine-setup",
                    "RequiredCapability": "SLM-Metal-Printing",
                    "NominalDuration": 1800.0,
                    "NominalCost": 60.0
                },
                {
                    "Name": "SLM-printing",
                    "RequiredCapability": "SLM-Metal-Printing",
                    "NominalDuration": 87607680.0,
                    "NominalCost": 2920256.0
                },
                {
                    "Name": "Support-removal",
                    "RequiredCapability": "Buffing",
                    "NominalDuration": 1200.0,
                    "NominalCost": 20.0
                },
                {
                    "Name": "Inspection",
                    "RequiredCapability": "Buffing",
                    "NominalDuration": 1200.0,
                    "NominalCost": 20.0
                }
            ]
        }
    ]
}